track_loc,race_no,date,dog_id,bsp
0,Sandown,2,29-12-2022,SMOKE SHOW,15.27244174020132
1,Sandown,2,29-12-2022,REBEL MAY ROAD,53.340060866
2,Shepparton,5,29-12-2022,BLUE SCOTCH BOY,8.6
3,Shepparton,5,29-12-2022,ZAPPY BALE,8.099083763289382
4,Dapto,2,29-12-2022,ALLIRAS WISH,2.14
5,Dapto,3,29-12-2022,SHANGHAI GIRL,3.5317706815150807
6,Shepparton,6,29-12-2022,BEAUTY BEAST,3.1
7,Shepparton,6,29-12-2022,COALVILLE FLYER,10.5
8,Shepparton,7,29-12-2022,MARIACHI,6.6
9,Shepparton,8,29-12-2022,HAZELNUT,214.521952563
10,Shepparton,9,29-12-2022,PIPELINE ICON,4.515291005655598
11,Shepparton,10,29-12-2022,KING OF ALL,4.3
12,Shepparton,10,29-12-2022,JAYVILLE MENACE,4.2
13,Shepparton,11,29-12-2022,STILL WAITING,9.230043868505128
14,Shepparton,11,29-12-2022,REEL IT IN,12.5
15,Dapto,5,29-12-2022,BLUE STINGRAY,48.0
16,Dapto,5,29-12-2022,BETTY BIRDCAGE,6.124834623768983
25,Healesville,3,29-12-2022,CYCLONE SUMMER,131.56985990658865
26,Healesville,4,29-12-2022,ZAMBORAS GIRL,7.8
27,Healesville,4,29-12-2022,SIDEWINDER,35.149792801381416
28,Healesville,6,29-12-2022,VALHALLA BOY,3.976894720296113
29,Healesville,8,29-12-2022,MR NEAT,16.974745562642493
30,Healesville,10,29-12-2022,DONT TELL GREG,3.05
31,Healesville,12,29-12-2022,NEXT TEARDROP,6.2
32,Warragul,3,29-12-2022,TRICKY KELVIN,8.204764868207278
33,Warragul,4,29-12-2022,MINTER SPICE,4.9
34,Warragul,5,29-12-2022,WHISKY NINJA,13.5
35,Warragul,5,29-12-2022,MIKADO ECLIPSE,95.0
36,Warragul,5,29-12-2022,WHY NOT PEARL,4.0
44,Albion,2,29-12-2022,BEARS BULLET,3.05
45,Albion,2,29-12-2022,EMERALD EYES,30.86062804150808
46,Albion,4,29-12-2022,RAPID RIPPLE,3.518754511370206
59,Albion,5,29-12-2022,BARTEL HAYZE,8.8
60,Albion,12,29-12-2022,MINK LAKE,6.132199369111623
61,Healesville,2,29-12-2022,TENNISON,35.29443444660011
79,Albion,7,29-12-2022,TOMAHAWK HAYZE,15.97016929036225
81,Angle,2,29-12-2022,COCO COASTER,46.0
82,Angle,3,29-12-2022,NUGGET MCLAREN,37.18924525
83,Angle,5,29-12-2022,BECKS MONELLI,2.162890825287514
84,Angle,8,29-12-2022,IMPRESS US,8.2
85,Angle,8,29-12-2022,CATCH ME NERO,8.017748982269786
86,Angle,9,29-12-2022,MRS BUTTERBEAN,53.66777006241493
87,Angle,9,29-12-2022,LIVE IT,3.585731768
88,Angle,11,29-12-2022,TOMATO TEARS,5.689579531287345
89,Angle,11,29-12-2022,PYROTECHNIC,42.0
90,Mount,11,29-12-2022,ANOTHER CADILLAC,11.5
91,Albion,8,29-12-2022,EMERALD DRAGON,3.923789937606489
94,Manukau,10,29-12-2022,SCOOBY BLUE,20.491699374
95,Addington,2,29-12-2022,GOLDSTAR BROOKS,21.34125315314556
98,Hobart,6,29-12-2022, BLACKBRUSH SCOTT,57.910342157
99,Hobart,6,29-12-2022,SILENT KEIKO,3.946561516
100,Hobart,9,29-12-2022,POPS PROMISE,3.45
101,Hobart,9,29-12-2022,BLACK DANGER,3.888530083571751
106,Mandurah,9,29-12-2022, ALL CASHED UP,12.201797277615114
107,Mount,1,29-12-2022,UMBILICAL MAN,3.3347220516338
108,Albion,9,29-12-2022,HELLO MIKE,2.4734200121045067
109,Albion,9,29-12-2022,HES SO COOL,61.289450529201545
110,Albion,10,29-12-2022,FERNANDO GRAND,6.492555168332764
111,Gunnedah,8,29-12-2022,JACOBITE REBEL,17.313244830651087
112,Gunnedah,8,29-12-2022,SWEET ZEAL,338.193995728
113,Gunnedah,8,29-12-2022,IM FULL ON,105.59821824483572
115,Mandurah,1,29-12-2022,TIGGERLONG LAB,1.84
116,Mandurah,1,29-12-2022,PEPPERMINT MAC,40.0
117,Mandurah,2,29-12-2022,MOMENT TO MAMBA,90.0
118,Mandurah,3,29-12-2022,MISS FISHES,18.0
119,Mandurah,4,29-12-2022,IMPROVISE,50.0
120,Mandurah,5,29-12-2022,ZIPPING KAREN,9.8
121,Mandurah,6,29-12-2022,ICE KING,8.0910408671078
122,Mandurah,6,29-12-2022,FINEST MOMENT,12.072149703381507
123,Mandurah,6,29-12-2022,JUNK YARD ZEUS,15.621543932120256
124,Mandurah,7,29-12-2022,OH YEAH ALRIGHT,5.757459571614163
125,Mandurah,7,29-12-2022,ALABAMA SHAKES,10.5
126,Mandurah,8,29-12-2022,JIMMY MAC,170.0
127,Mandurah,8,29-12-2022,ABSOLUTE FUN,46.0
128,Mandurah,10,29-12-2022,SCARLETS PRINCE,17.95219186186616
129,Mandurah,11,29-12-2022,ARGYLE ROSE,3.036374898152553
130,Mandurah,12,29-12-2022,NOT QUITE ORSON,65.0
131,Mount,3,29-12-2022,MR QUIRKY,3.086391549617546
132,Mount,5,29-12-2022,CADILLAC BULLET,13.0
133,Mount,6,29-12-2022,CAWBOURNE MAYA,6.3889355181578535
134,Mount,6,29-12-2022,LATE MAIL,21.51977446910896
135,Mount,6,29-12-2022,BUNGALOO BROOKE,8.785723384309094
136,Mount,7,29-12-2022,PIRATE GOLD,11.5
137,Mount,9,29-12-2022,CADILLAC BEAST,7.37495091217774
138,Mount,10,29-12-2022,HOT CADILLAC,2.4460818218749765
139,Mount,10,29-12-2022,EDGE SERENA,14.237858035589564
140,Mount,10,29-12-2022,REOFFENDER,12.5
141,Gunnedah,2,29-12-2022,SAIKO,38.0
142,Gunnedah,3,29-12-2022,IDENTITY,8.2
143,Gunnedah,4,29-12-2022,GOLDEN BULLET,1.768830478420978
144,Gunnedah,4,29-12-2022,EMBARKING,41.64757673363317
145,Gunnedah,5,29-12-2022,SKETCHY RUSS,9.507273339690872
146,Gunnedah,10,29-12-2022,YULUWIRRI GIRL,5.631620691192225
147,Gunnedah,10,29-12-2022,TOMMY TUNA,3.792704304755608
148,Gunnedah,11,29-12-2022,OKAY BOOMER,2.978280267747323
149,Gunnedah,12,29-12-2022,EMAS ONE,32.0
158,Hobart,4,29-12-2022,DO IT,3.884725903187573
159,Manukau,9,29-12-2022,BIG TIME DOUBLE,6.42087290287898
160,Manukau,9,29-12-2022,ABOUT TO DO,7.4
161,Addington,11,29-12-2022,GOLDSTAR LINDA,12.9966653091643
162,Addington,11,29-12-2022,SOUR LEMON,17.5
163,Addington,11,29-12-2022,DONALDS CHOICE,5.8
164,Sandown,1,29-12-2022,YANIC BALE,5.0
165,Sandown,1,29-12-2022,DELORIS BALE,18.5
166,Sandown,3,29-12-2022,CRUISE MODE,2.0063179053825477
167,Sandown,3,29-12-2022,TRENDING WANDA,14.33989402343519
168,Sandown,4,29-12-2022,DEWANA SCOTCH,4.4991449703443696
169,Sandown,6,29-12-2022,AMNESTY,15.5
170,Sandown,7,29-12-2022,OCTAVIA BALE,85.0
171,Sandown,9,29-12-2022,ZIPPING CRUSADER,12.0
172,Casino,1,29-12-2022,RUMBLE SMILE,49.34460523
173,Casino,1,29-12-2022,ALL THUNDER,107.42069163652675
174,Casino,2,29-12-2022,KINGSBRAE ROSE,8.363583198626003
175,Casino,3,29-12-2022,MADDIE DUTTON,1.4151584835825992
176,Casino,4,29-12-2022,KINGSBRAE NOEL,27.0
177,Casino,5,29-12-2022,EVE AND JAN,150.0
178,Sandown,10,29-12-2022,APPLICANT,4.092232230721855
179,Sandown,11,29-12-2022,MAHJONG BAILEY,15.0
180,Sandown,12,29-12-2022,UDITA BALE,4.674384556884469
181,Sandown,12,29-12-2022,FEDERAL FERNANDO,8.6
182,Sandown,12,29-12-2022,METEOR MONELLI,8.64208621650323
183,Dapto,4,29-12-2022,NEXT OF KINLOCH,6.2
184,Dapto,6,29-12-2022,LILY WILDFLOWER,307.47899648376745
185,Dapto,6,29-12-2022,YAMAZAKI RIOT,160.0
186,Dapto,7,29-12-2022,TIGGERLONG AL,160.358894669
187,Casino,8,29-12-2022,CHANTELLE SMELLS,300.0
188,Casino,8,29-12-2022,TIFFANY TWISTED,34.416670747479216
189,Casino,8,29-12-2022,FAN COOL UNIT,72.6205736422725
190,Casino,9,29-12-2022,LIAR FOR HIRE,7.507419951859703
191,Casino,9,29-12-2022,MUNDY VALLEY,31.344939973276915
192,Casino,9,29-12-2022,FERNANDO DIVA,7.71468561523594
193,Casino,10,29-12-2022,EDGE GAMBLER,2.5030872565960456
194,Casino,10,29-12-2022,OLAFS ADVENTURE,60.0
195,Casino,11,29-12-2022,CLOVER ATHENA,3.343508384108426
196,Dapto,9,29-12-2022,LEE KEEPING,4.7
197,Dapto,9,29-12-2022,BLAZING TOKYO,6.4
201,Hobart,1,29-12-2022,THOR DANGER,9.386835159
202,Hobart,3,29-12-2022,ROJO SQUIGGLE,33.201662302
203,Manukau,5,29-12-2022,WAERENGA NOVA,6.0
204,Manukau,7,29-12-2022,OPAWA ELEGANT,8.237049271848196
205,Addington,4,29-12-2022,HOMEBUSH CRICKET,17.979479084
206,Addington,9,29-12-2022,GOLDSTAR TOBY,20.78781144962678
207,Addington,12,29-12-2022,DIAMOND GEORGIO,1.7448848253350304
208,Addington,12,29-12-2022,IMPRESSIVE SONIC,44.50705822860821
214,Manukau,11,29-12-2022,GO JOHNNY GO,5.4
215,Manukau,11,29-12-2022,HILLBILLY HEIST,1.9639442445952957
256,Manukau,12,29-12-2022,ALLEGRO KANE,14.368721405253744
257,Manukau,12,29-12-2022,MEGS MUNCH,9.4
258,Addington,1,29-12-2022,HOMEBUSH THAW,3.65
259,Addington,5,29-12-2022,GOLDSTAR CARLITO,2.06
260,Addington,8,29-12-2022,GOLDSTAR PORTIA,6.019504482222564
261,Addington,8,29-12-2022,CAESAR LIES,29.0
262,Addington,8,29-12-2022,SHANE BAXTER,38.0
263,Addington,10,29-12-2022,ITS BETTER,2.7785346354125062
264,Addington,10,29-12-2022,RIGHT ON RAMSAY,15.5
265,Addington,10,29-12-2022,TAIERI MISSILE,12.318034667
266,Albion,1,29-12-2022,GRACEFUL GUNN,3.6
273,Sandown,2,29-12-2022,SPRING BOLT,11.5
274,Sandown,2,29-12-2022,ARLINGTON,35.503907423504856
275,Dapto,10,29-12-2022,TAKAHI CHISUM,7.4
276,Shepparton,1,29-12-2022,WILD JEWEL,160.67415160134203
277,Shepparton,2,29-12-2022,CAMS GIRL,160.0
278,Shepparton,3,29-12-2022,GUNAI RUMOURS,14.787740711458614
279,Shepparton,4,29-12-2022,RADEBE,6.120691986
280,Dapto,1,29-12-2022,HOPES LASS,20.474811186315225
281,Dapto,2,29-12-2022,EMMAS MATE,30.0
282,Dapto,3,29-12-2022,SIN RAP MISS,4.5
283,Dapto,3,29-12-2022,WONG BIAS,12.5
284,Shepparton,7,29-12-2022,PERFECT GODDESS,21.635346422687284
285,Shepparton,8,29-12-2022,DIOPTASE,2.2476172095494813
286,Shepparton,9,29-12-2022,RAMSTEIN BALE,3.997353023536852
287,Shepparton,10,29-12-2022,DENIS THE MENACE,6.254725923
288,Shepparton,10,29-12-2022,BUSHMANS PRAYER,7.016795629305808
289,Shepparton,11,29-12-2022,DEWANA SUCCESS,34.0
290,Shepparton,11,29-12-2022,PABLOS STAR,14.5
291,Shepparton,12,29-12-2022,LIBERTY ROYAL,8.8
292,Shepparton,12,29-12-2022,DIVA DOT,10.5
293,Dapto,5,29-12-2022,ALEXANDER,7.083872098259162
294,Dapto,5,29-12-2022,LIGHTNING FIAMMA,21.0
299,Healesville,3,29-12-2022,ESPECIAL DIGGER,8.522562351267844
300,Healesville,4,29-12-2022,SEKOLA,3.6806637421132473
301,Healesville,4,29-12-2022,REDEEMING LILLY,21.0
302,Healesville,4,29-12-2022,SASHAY AWAY,40.0
303,Healesville,5,29-12-2022,MOUNTAINOUS,3.715559211452055
304,Healesville,5,29-12-2022,TOM FOR SHAW,65.0
305,Healesville,7,29-12-2022,SKIPS TURN,28.16138918662153
306,Healesville,9,29-12-2022,SUPERIOR DASH,10.5
307,Healesville,10,29-12-2022,ANIMAL KINGDOM,30.0
308,Healesville,12,29-12-2022,SUPER SPARKLE,7.6
309,Warragul,1,29-12-2022,BYE GEORGIE,7.560725456368528
310,Warragul,1,29-12-2022,WHY NOT EMILY,38.0
311,Warragul,5,29-12-2022,REDSHIFT TANGO,48.0
312,Warragul,7,29-12-2022,CAPTAIN CRUISER,9.289040924830475
313,Warragul,7,29-12-2022,ROMAROSA,8.094109760701542
314,Warragul,7,29-12-2022,BLAZIN SUSHI,270.0
315,Warragul,9,29-12-2022,REALITY JEWEL,21.571093027456957
316,Warragul,9,29-12-2022,HURRICANE DAISY,86.3170601863414
317,Warragul,10,29-12-2022,MEKONG TASH,16.931506752486158
318,Warragul,11,29-12-2022,SPICY PIPER,3.037480697
319,Albion,6,29-12-2022,JIMMY THE SINGER,29.0
320,Bendigo,1,29-12-2022,NYALI KING,2.9725043457905125
321,Bendigo,1,29-12-2022,OFF THE RADAR,7.542950361
322,Bendigo,1,29-12-2022,LAST UNICORN,186.155119363
337,Albion,5,29-12-2022,TINY ENCOUNTER,190.997356296
338,Albion,11,29-12-2022,CONTEXT,6.6
339,Albion,11,29-12-2022,WHERES THE BAR,2.584669691640029
340,Albion,11,29-12-2022,HELLACIOUS,26.0
341,Albion,12,29-12-2022,HEAD ON BONNIE,13.705776751
342,Gunnedah,6,29-12-2022,GREEK TEMPTATION,14.5
343,Healesville,1,29-12-2022,LITTLE LINTON,77.06258871554685
347,Manukau,8,29-12-2022,BOOT CAMP TIARA,12.043361271336078
365,Angle,3,29-12-2022,SHOW ME BUCKS,4.979932187700761
366,Angle,4,29-12-2022,WEBLEC GEM,33.582671271580914
367,Angle,7,29-12-2022,MOLLY IRISH,4.612114511447615
368,Angle,8,29-12-2022,MAN OF SUBSTANCE,4.7
369,Mount,11,29-12-2022,ROUGH IN VEGAS,6.210636849398725
370,Albion,8,29-12-2022,SMOKING SAM,7.0
371,Addington,3,29-12-2022,ORISHA BALE,15.5
372,Addington,3,29-12-2022,OPAWA BARNS,4.778879011
373,Addington,3,29-12-2022,ALTERNATE SHOT,1.984214352
376,Manukau,10,29-12-2022,LETHAL ANGEL,22.821872172
377,Addington,2,29-12-2022,OPAWA WARRIOR,1.6362461397089647
378,Addington,2,29-12-2022,DIAMOND WARRIOR,15.833521953
381,Hobart,5,29-12-2022,BLUENOSE BEST,19.771940212
382,Hobart,6,29-12-2022,OUR CHARLIE BOY,221.498287433
383,Hobart,6,29-12-2022,DEWANA BOOGIE,20.0
384,Hobart,6,29-12-2022,DEWANA GEM,3.1
385,Hobart,9,29-12-2022,DEWANA DREAM,3.6944888145153527
386,Hobart,10,29-12-2022,TAKE ME OUT,1.813912152367812
396,Mount,1,29-12-2022,MENARI STENOSIS,5.498754854640939
397,Albion,10,29-12-2022,SUZIES FACE,16.585493807741443
398,Gunnedah,8,29-12-2022,SKETCHY DELIVER,4.9
399,Gunnedah,8,29-12-2022,CHILLI CHERRY,5.4
400,Hobart,2,29-12-2022,GOLLY GOSH RAJA,2.8
403,Mandurah,1,29-12-2022,NIKKIS MOMENT,180.0
404,Mandurah,2,29-12-2022, TRY THIS,10.0982090693173
405,Mandurah,3,29-12-2022,BONBIE GAZELLE,14.5
406,Mandurah,4,29-12-2022,TEARS AND TANTY,13.5
407,Mandurah,6,29-12-2022,DANCING FUN,75.0
408,Mandurah,7,29-12-2022,VANDA VIOLET,7.389886026343446
409,Mandurah,7,29-12-2022,BONNIE GOLD,6.228098984530661
410,Mandurah,12,29-12-2022,SELENA KEEPING,3.4426066867712044
411,Mandurah,13,29-12-2022,FLASH AS ONE,70.72321609817443
412,Mandurah,13,29-12-2022,BROOME TIME,8.857284552526199
413,Mount,3,29-12-2022,CLASSIC SCOTCH,6.761738809277385
414,Mount,7,29-12-2022,FLATTY HUNTER,6.346192823
415,Mount,9,29-12-2022,CHASING RASCAL,6.6
416,Mount,10,29-12-2022,MOCAMBORA IZZA,3.080248303426343
417,Mount,10,29-12-2022,NYSSAS GIRL,29.0
418,Mount,10,29-12-2022,PENSHURST LASS,35.589882273
419,Mount,12,29-12-2022,WORMS ARE BITING,14.5
420,Gunnedah,3,29-12-2022,DOUBLE TWENTY,100.6778449954704
421,Gunnedah,3,29-12-2022,KISEKI,41.32032042689623
422,Gunnedah,5,29-12-2022,EXTREMIST,5.433677471579356
423,Gunnedah,5,29-12-2022,SHANLYN TRACY,6.6
424,Gunnedah,5,29-12-2022,LIEUTENANT DAN,6.6
425,Gunnedah,7,29-12-2022,DANCING BETTY,29.98606760219205
426,Gunnedah,9,29-12-2022,ASKEY,2.846003124288681
427,Gunnedah,9,29-12-2022,FAKE FAKE FAKE,53.288278943
428,Gunnedah,10,29-12-2022,ARROGANT BENJI,26.0
429,Gunnedah,10,29-12-2022,RUTLAND BAM,30.03404143612832
430,Gunnedah,11,29-12-2022,WINLOCK BUFF,18.601534158
431,Gunnedah,12,29-12-2022,SPOT OF RUM,6.4
432,Warragul,2,29-12-2022,FERNANDO LAKE,9.21698825714644
438,Hobart,4,29-12-2022,RIP AWAY,17.0
439,Hobart,7,29-12-2022,NELLS TIGER,179.483981683
440,Manukau,4,29-12-2022,UP YOUR QUOTA,13.5
441,Manukau,9,29-12-2022,ONLY FAIR,3.7
442,Addington,11,29-12-2022,LAREDO JEWEL,13.295482253
443,Angle,1,29-12-2022,ELEGANT BIX,2.2958147943873337
444,Sandown,5,29-12-2022,MY CATALINA,3.6229472612350953
445,Sandown,6,29-12-2022,MONEY AND POWER,90.0
446,Sandown,7,29-12-2022, RICO ECLIPSE,63.752121754383474
447,Sandown,7,29-12-2022,BOO BOO BILLY,4.9
448,Sandown,9,29-12-2022,DOTTYS GIFT,5.972082420789701
449,Casino,1,29-12-2022,WHISKY DUTTON,1.215644972
450,Casino,1,29-12-2022,LEVI LASS,13.5
451,Casino,2,29-12-2022,PRINCESS BRIDE,35.53645527468702
452,Casino,3,29-12-2022,JIMARY EVEREST,11.532367141409775
453,Casino,3,29-12-2022,IN THE THIRTIES,140.0
454,Casino,4,29-12-2022,RIPPLE LANE,173.89640517134217
455,Casino,5,29-12-2022,BLAZING BONUS,30.22476949471166
456,Casino,6,29-12-2022,CHERRY CHUNKER,13.382253600305994
457,Casino,6,29-12-2022,KINGSBRAE MONICA,34.0
458,Sandown,11,29-12-2022,TRENDING ZARI,2.14
459,Sandown,11,29-12-2022,DUNDEE REBEL,30.18359653416556
460,Sandown,12,29-12-2022,CINDYS CHARM,6.8
461,Dapto,4,29-12-2022,SIRIUS LULU,10.5
462,Dapto,4,29-12-2022,EBONY PANDA,4.0
463,Dapto,4,29-12-2022,EXPLOSIVE STARE,5.927986043606015
464,Dapto,6,29-12-2022,SHANGHAI SUZIE,3.25
465,Dapto,7,29-12-2022,ICARUS BALE,21.0
466,Casino,7,29-12-2022,DUSTY BOOTS,22.436478363383355
467,Casino,8,29-12-2022,BOKARM LUNA,6.4
468,Casino,9,29-12-2022,STACKED DECK,21.49083973429315
469,Casino,10,29-12-2022,KOORINGA JACK,5.810685253318443
470,Dapto,11,29-12-2022,CARTWHEEL,80.0
476,Hobart,1,29-12-2022,FINLOCH SURVIVOR,23.889094523889945
477,Hobart,3,29-12-2022,OLD FIRM,5.3
478,Manukau,5,29-12-2022,BIG TIME RASCAL,12.847997058809272
479,Manukau,5,29-12-2022,BIG TIME DREAM,7.581394865865404
480,Manukau,7,29-12-2022,SERBIAN ACE,4.0
481,Manukau,7,29-12-2022,OVERTAKING,17.0
482,Addington,4,29-12-2022,GOLDSTAR GLENYS,10.0
483,Addington,9,29-12-2022,QUINTESSA BALE,4.9
484,Addington,9,29-12-2022,GOLDSTAR GIGI,40.133683729464536
488,Sandown,8,29-12-2022,SODA FIZZ,28.0
489,Manukau,11,29-12-2022,SODA SPLIT,8.8
490,Manukau,11,29-12-2022,THRILLING SNIPER,18.5
550,Manukau,6,29-12-2022,ROCK IT RED,13.5
551,Manukau,6,29-12-2022,GO CLIFFORD,7.0
552,Manukau,6,29-12-2022,DAISY CLIPPER,2.52
553,Manukau,12,29-12-2022,ALLEGRO SECRET,7.4
554,Addington,1,29-12-2022,EPIC BLOSSOM,6.269780294
555,Addington,1,29-12-2022,SAPPORO BALE,11.0
556,Addington,10,29-12-2022,ROSE THORN,15.839904954369995
557,Albion,1,29-12-2022,JEWEL BEE,8.649302792605013
567,Sandown,2,29-12-2022,ENVY TO BURN,3.429396208
568,Dapto,10,29-12-2022,SLINGSHOT XENA,23.15497464786482
569,Shepparton,1,29-12-2022,BELLS GALORE,100.0
570,Shepparton,2,29-12-2022,JAYVILLE BOLT,30.676628475
571,Shepparton,2,29-12-2022,BEAUTY ON FIRE,5.9
572,Shepparton,3,29-12-2022,ENCRYPTED,5.616844524155604
573,Shepparton,3,29-12-2022,KHANN ANGRY,2.769234377752438
574,Shepparton,5,29-12-2022,SONIC TROOPER,7.2
575,Shepparton,5,29-12-2022,PRETTY REEF,7.0
576,Shepparton,5,29-12-2022,BLACK TUXEDO,15.5
577,Dapto,1,29-12-2022,UNACCEPTABLE MAX,2.4650253791834977
578,Dapto,2,29-12-2022,DESPICABLE EASY,2.66
579,Shepparton,6,29-12-2022,MYSTIFY PRINCESS,23.0
580,Shepparton,7,29-12-2022,JACK ALAN,29.0
581,Shepparton,8,29-12-2022,IRENES A STAR,7.252691857
582,Shepparton,8,29-12-2022,EASY BREEZY,61.17928491450844
583,Shepparton,10,29-12-2022,AFRO PUFF,14.5
584,Shepparton,11,29-12-2022,WAGTAIL DEMON,2.1
585,Shepparton,12,29-12-2022,ISLAND CHIEF,12.5
586,Shepparton,12,29-12-2022,IRONGATE,8.576374867836636
596,Healesville,3,29-12-2022,EMPRESS SAL,4.850753172757031
597,Healesville,7,29-12-2022,ASTON GENERAL,85.0
598,Healesville,9,29-12-2022,SUPER SKETCHY,19.68315877
599,Healesville,9,29-12-2022, INVICTUS HARRY,1.39
600,Healesville,11,29-12-2022,WONDER JAB,7.0
601,Healesville,12,29-12-2022,MISS RITZY,8.159513769498446
602,Warragul,1,29-12-2022,ALNESS TREASURE,2.188802569
603,Warragul,3,29-12-2022,STREAMER,16.351103290282182
604,Warragul,4,29-12-2022,RUMOUR CONFIRMED,6.6
605,Warragul,4,29-12-2022,MY MATE BEANIE,2.605943327113091
606,Warragul,4,29-12-2022,MRS JESSUP,40.89354498027125
607,Warragul,5,29-12-2022,NANA JANN,17.0
608,Warragul,6,29-12-2022,ROGUE TEMPTATION,3.016406838
609,Warragul,6,29-12-2022,SAY YOU WILL,9.737164897
610,Warragul,6,29-12-2022,BOMBERS SMOKEY,28.0
611,Warragul,7,29-12-2022,HURRICANE MIAMI,25.057999622107587
612,Warragul,8,29-12-2022,ZAMBRANA,4.0
613,Warragul,9,29-12-2022,HONEYCOMB,4.5
614,Warragul,11,29-12-2022,AWESOME ISLA,8.6
615,Warragul,12,29-12-2022,FORCEFULLY,9.302172548221424
616,Warragul,12,29-12-2022,WHY NOT JULES,3.811001500632557
617,Albion,6,29-12-2022,HARAS HERBIE,4.85322146012146
618,Albion,6,29-12-2022,JAY IS JAY,1.541407168
623,Albion,3,29-12-2022,SAMSONS DELILAH,32.0
624,Albion,4,29-12-2022,STARLINE EXPRESS,1.7665847898665743
625,Albion,4,29-12-2022,GET CARTER,36.0
626,Albion,4,29-12-2022,CANYA BURN,32.0
634,Albion,11,29-12-2022,ESME WATSON,18.111335496449605
635,Gunnedah,6,29-12-2022,BLUE BIRD BEACH,100.0
636,Gunnedah,6,29-12-2022,JACOBITE SWAN,55.0
643,Manukau,8,29-12-2022,EL PADRINO,6.0
661,Albion,7,29-12-2022,ARABIAN AGAIN,9.0
662,Albion,7,29-12-2022,MIGHTY GUNN,16.5
664,Angle,2,29-12-2022,CALEDONIA,15.967348102725229
665,Angle,2,29-12-2022,BILMANS BOUNCE,4.2
666,Angle,3,29-12-2022,CHERRIES ON FIRE,24.0
667,Angle,5,29-12-2022,ORSON EMMY,16.00773672486539
668,Angle,6,29-12-2022,VICTA KURT,8.471590485845812
669,Angle,8,29-12-2022,SIR BENJAMIN,70.0
670,Angle,9,29-12-2022,JEDI JACK,21.15558148075564
671,Addington,3,29-12-2022,TROUSSEAU,17.0
673,Manukau,10,29-12-2022,TEN AFTER FOUR,7.8705597633494175
674,Manukau,10,29-12-2022,OTAKI RIVER,2.16
675,Addington,2,29-12-2022,DIAMOND ALEX,15.0
676,Addington,2,29-12-2022,AVA EFFORT,16.0
679,Hobart,5,29-12-2022,BURN AND RUN,4.479234649530262
680,Hobart,9,29-12-2022,LIGHTS OUT MICK,48.0
681,Hobart,9,29-12-2022,WHODAT CRUMBLE,90.0
682,Hobart,9,29-12-2022,WAS THAT THEN,129.91731132539928
683,Hobart,9,29-12-2022,REPLICANT,12.0
684,Hobart,10,29-12-2022,WILANNS WAY,11.5
685,Hobart,10,29-12-2022,DIRTY FEET AGAIN,11.833206608614123
691,Mandurah,9,29-12-2022,HELLO IM SHRIMP,5.3
692,Mount,1,29-12-2022,BALTIMORE BABE,20.866575975
693,Albion,9,29-12-2022,SHIPWRECK,2.833189448831253
694,Albion,10,29-12-2022,ADULATE,7.928699065635445
696,Mandurah,1,29-12-2022,BOW BOW BULLET,5.8
697,Mandurah,2,29-12-2022,BLUE INTENTION,4.4
698,Mandurah,2,29-12-2022,EARLY WORM,13.132700467679244
699,Mandurah,3,29-12-2022,JURABI,75.40073162226007
700,Mandurah,5,29-12-2022,STILL DREAMING,303.6069914747868
701,Mandurah,10,29-12-2022,LUCY HOOK,33.81469679571848
702,Mandurah,10,29-12-2022,KISHKA,75.0
703,Mandurah,12,29-12-2022,CHA CHA MOMENT,23.0
704,Mount,2,29-12-2022,CAWBOURNE NALA,28.02191748838756
705,Mount,4,29-12-2022,ROUGH GIRL KODI,69.17193044657043
706,Mount,5,29-12-2022,JAYVILLE ZORRO,5.747020114
707,Mount,7,29-12-2022,HARRY SWAGGER,2.587100984
708,Mount,7,29-12-2022,SQUISITO,6.670027520735168
709,Mount,12,29-12-2022,SECRETLY SLICK,6.6
710,Mount,12,29-12-2022,GIZMO OSTI,30.0
711,Gunnedah,1,29-12-2022,SHES A LIGHT,2.064968978
712,Gunnedah,1,29-12-2022,BROCKTON BOMBER,4.5
713,Gunnedah,2,29-12-2022,DINKYDI SQUIRT,137.266461428
714,Gunnedah,3,29-12-2022,RUTLAND PATCH,8.832305531
715,Gunnedah,4,29-12-2022,BEST OF ALICE,170.66131564845796
716,Gunnedah,4,29-12-2022,SUBZERO ASH,60.0
717,Gunnedah,7,29-12-2022,PURE VISION,240.0
718,Gunnedah,9,29-12-2022,LITTLE WILMA,222.1021437551896
719,Gunnedah,10,29-12-2022,STATE MY MATE,11.0
720,Gunnedah,11,29-12-2022,WERINA SHADOW,18.52098583075597
721,Gunnedah,12,29-12-2022,ARROGANT SUZY,8.544257056455827
722,Gunnedah,12,29-12-2022,KOTAH,60.11627682927995
729,Hobart,4,29-12-2022,BLACK ROSES,150.0
730,Hobart,7,29-12-2022,CROWDZA BLEST,8.4
731,Hobart,7,29-12-2022,LANGLEY ROO,29.0
732,Manukau,9,29-12-2022,IN THE CLINCH,19.261467743719077
733,Angle,1,29-12-2022,TINGLING,18.855264285817974
734,Sandown,5,29-12-2022,JIMMY INTENTION,26.669951925
735,Sandown,5,29-12-2022,LEDERHOSEN BOY,8.657714943
736,Sandown,6,29-12-2022,GOLDEN QUEST,3.25
737,Sandown,6,29-12-2022,UNDER ARREST,20.551840434
738,Sandown,9,29-12-2022,ROCK ME ROCCO,3.7187244031661817
739,Sandown,9,29-12-2022,NIKE APACHE,6.508647500187214
740,Casino,5,29-12-2022,JET SET JACK,2.68
741,Casino,5,29-12-2022,VELOCITY SHINAE,21.0
742,Casino,6,29-12-2022,BLINK YOU LOSE,2.610464673374444
743,Casino,6,29-12-2022,PINCH A BANANA,7.8
744,Sandown,10,29-12-2022,FLYING ABILITY,5.586802462246849
745,Sandown,12,29-12-2022,NOAH CHARLES,6.413208430872381
746,Dapto,6,29-12-2022,ALWAYS DREAM,9.0
747,Dapto,6,29-12-2022,CODE BLUE TOM,9.8
748,Dapto,7,29-12-2022,QUANTIFIABLE,1.2708138254179535
749,Dapto,7,29-12-2022,JIMMY BALE,20.0
750,Dapto,7,29-12-2022,KASATKINA,70.0
751,Casino,11,29-12-2022,MIDNIGHT DIESEL,6.8
752,Casino,11,29-12-2022,KING SUMNER,9.2
753,Dapto,8,29-12-2022,MARYS REWARD,4.8
754,Dapto,8,29-12-2022,TE HIKO,19.5
755,Dapto,8,29-12-2022,SHES AIRBORNE,2.3254596912503613
756,Dapto,8,29-12-2022,REENAS ROSIE,39.50479836074635
757,Dapto,11,29-12-2022,MOUNT GOWER,1.716724493493675
758,Dapto,11,29-12-2022,KENJI BALE,7.0
763,Hobart,3,29-12-2022,GRACIOUS GIFT,7.8
764,Hobart,8,29-12-2022,MANILA PRINCE,3.7323588546691457
765,Manukau,5,29-12-2022,SASSY LASSIE,12.259073458
766,Manukau,5,29-12-2022,BLITZING STAR,37.419635070823134
767,Manukau,5,29-12-2022,ALLEGRO WINDY,4.480359409
768,Addington,7,29-12-2022,OPAWA KYLE,3.257678996
769,Addington,7,29-12-2022,MRS CHINN,5.8
773,Manukau,11,29-12-2022,OUR HOTROD,25.131633422809475
822,Manukau,6,29-12-2022,DRIFTER DODGE,17.290876590613745
823,Addington,1,29-12-2022,ICED MOCHA,4.0
824,Addington,5,29-12-2022,OPAWA ANITA,65.4202032996854
825,Addington,5,29-12-2022,OPAWA CHRISSY,8.235600414421313
826,Addington,5,29-12-2022,KNOW GRIZZLES,160.0
827,Addington,8,29-12-2022,DIAMOND HARMONY,6.1657535315520375
828,Addington,8,29-12-2022,SIMON THE PIEMAN,30.0
829,Addington,8,29-12-2022,AMURI ANDY,10.0
830,Addington,8,29-12-2022, VICTORIA LU,6.001648311697501
831,Albion,1,29-12-2022,MAD MACHINE,12.731633990379049
839,Dapto,10,29-12-2022,MORE CRACKERS,34.0
840,Shepparton,1,29-12-2022,GUNAI REDEEMER,5.118600805641618
841,Shepparton,4,29-12-2022,MANIAC MOO,25.14578625851049
842,Shepparton,5,29-12-2022,TINGLE,3.397851073
843,Dapto,3,29-12-2022,LITTLE BRINDIE,5.9
844,Shepparton,8,29-12-2022,JULIPA BALE,4.533989426
845,Shepparton,9,29-12-2022,VORTEX,180.30851063558111
846,Shepparton,11,29-12-2022,SLIPPERY SWAN,150.0
847,Shepparton,12,29-12-2022, MADAME DUGGIE,228.5969004223915
856,Healesville,3,29-12-2022,KING SAL,4.131929984173405
857,Healesville,5,29-12-2022,MOONSHINE MISS,55.11004369287751
858,Healesville,5,29-12-2022,BROKEN BOOTS,113.34932669720612
859,Healesville,8,29-12-2022,ROYAL DEED,65.91608605756656
860,Healesville,9,29-12-2022,BRUREE FAIRY,150.0
861,Healesville,10,29-12-2022,QUEEN REGIS,8.204864603362513
862,Healesville,11,29-12-2022,CONTRALTO,4.3
863,Healesville,11,29-12-2022,AVERY CHARM,160.0
864,Healesville,12,29-12-2022,IRISH HOPE,10.0
865,Healesville,12,29-12-2022,HAGIBIS,95.0
866,Warragul,3,29-12-2022,SHANKHILL SHANDI,91.880844094
867,Warragul,3,29-12-2022,SMOOTH VIXEN,2.9768079007236885
868,Warragul,3,29-12-2022,MR LARSON,3.353990537503196
869,Warragul,4,29-12-2022,FOXY LADY SONG,171.53892490430968
870,Warragul,4,29-12-2022,YOURE IN LUCK,118.2687554
871,Warragul,6,29-12-2022,WAGNER BALE,8.118289585846941
872,Warragul,7,29-12-2022,JUST SAYING,4.641693431700505
873,Warragul,7,29-12-2022,LOVE A COLLISION,10.946112715848429
874,Warragul,8,29-12-2022,EXILED,2.890116061282229
875,Warragul,10,29-12-2022,GOOLAGONG,24.254286867
876,Warragul,11,29-12-2022,HURRICANE GYPSY,6.516290462448123
877,Warragul,11,29-12-2022,PACIFIC PEARL,3.7176027464849177
878,Warragul,11,29-12-2022,BLAZIN COOL,121.000945984
879,Bendigo,1,29-12-2022,JELLYBEAN JAM,80.0
883,Albion,2,29-12-2022,KELSEY BALE,1.997781764
884,Albion,2,29-12-2022,CANYA BELLATRIX,240.0
885,Albion,4,29-12-2022,REFULGENT,10.478058148533371
897,Albion,11,29-12-2022,DR LIBBY,3.1462557684542847
898,Albion,12,29-12-2022,STICKER SPARKLES,12.886360374830389
899,Healesville,1,29-12-2022,ONI SAMURAI,10.5
900,Healesville,1,29-12-2022,HOT FUDGE,5.509187996156215
913,Albion,7,29-12-2022,SHOWMAN JACK,5.939443205831413
916,Angle,6,29-12-2022,RUN LIKE JESS,2.907907480550312
917,Angle,7,29-12-2022,ASTON HEBE,25.050646132557667
918,Angle,7,29-12-2022,ASTON ARENA,12.5
919,Angle,8,29-12-2022,HARRY,4.5
920,Angle,9,29-12-2022,ELEGANT RITZY,5.122079781873618
921,Angle,9,29-12-2022,WOODSIDE DEVIL,210.0
922,Angle,10,29-12-2022,HOJILLA BALE,55.0
923,Angle,10,29-12-2022,ALL SHOW,8.8
924,Angle,11,29-12-2022,VELOCITY TELLER,3.9
925,Mount,11,29-12-2022,CHASING HONEY,3.903912008361367
926,Albion,8,29-12-2022,CLUSTER,8.2
931,Manukau,10,29-12-2022,ZIPPING DEREK,19.5
932,Manukau,10,29-12-2022,MINT AS,5.387104314747704
935,Hobart,5,29-12-2022,SPECIAL BOND,49.642009129426434
937,Albion,9,29-12-2022,HES ALL PURPOSE,170.0
938,Gunnedah,8,29-12-2022,WILD WHEELS,3.986087397815244
939,Hobart,2,29-12-2022,MISS PICCOLO,14.430287932589415
940,Mandurah,1,29-12-2022,CANDY BUSH TRACK,6.4
941,Mandurah,2,29-12-2022,SUPER SPY,6.6
942,Mandurah,3,29-12-2022,YOU SEE LINA,101.32287856822832
943,Mandurah,5,29-12-2022,TANNYMOREL LASS,22.11573347427009
944,Mandurah,7,29-12-2022,BARRILES,34.0
945,Mandurah,11,29-12-2022,DURHAM LASS,20.0
946,Mandurah,11,29-12-2022,DIRTY HARRY,45.28875684332103
947,Mandurah,12,29-12-2022,POPS CAN BROWSE,191.4030625298596
948,Mandurah,13,29-12-2022,DODGEM RANGER,6.180227793888188
949,Mount,3,29-12-2022,CAWBOURNE IGGY,13.32289147551899
950,Mount,3,29-12-2022,SHOT OF JACKS,2.56
951,Mount,4,29-12-2022,SLY CADILLAC,22.0971959068859
952,Mount,4,29-12-2022,RED COAL CARPET,1.764930779
953,Mount,5,29-12-2022,ZAMBORA JADE,7.593612148464308
954,Mount,5,29-12-2022,SHELL CITY,21.621063747705207
955,Mount,6,29-12-2022,SWEET MOMENTS,31.66777926814277
956,Mount,8,29-12-2022,NICMAC PRINCE,33.2288774664891
957,Mount,8,29-12-2022,CAWBOURNE BAXTER,127.51079478316476
958,Mount,9,29-12-2022,BOURNE BLUE,7.6
959,Mount,12,29-12-2022,HATCHET HARRY,1.6889972284430406
960,Gunnedah,2,29-12-2022,AMY ALLSORTS,155.1172587375215
961,Gunnedah,3,29-12-2022,TRALEE CRUISER,2.04
962,Gunnedah,3,29-12-2022,FAST TRACKER,73.68287346581698
963,Gunnedah,4,29-12-2022,OUR BLUE ROSA,37.699163653
964,Gunnedah,5,29-12-2022,FLYING HUSBAND,6.393874248348181
965,Gunnedah,5,29-12-2022,DEBS BABY,12.7296200903498
966,Gunnedah,10,29-12-2022,SWEET BEAST,109.0081633506296
967,Gunnedah,11,29-12-2022,ARIA HERRERA,5.08405981
968,Gunnedah,11,29-12-2022,COME ON BLOCKER,24.611826416768302
969,Gunnedah,11,29-12-2022,LITTLE TANTRUM,166.93963384976144
970,Warragul,2,29-12-2022,MINTER WIN,2.7
977,Hobart,7,29-12-2022,PSYCHO BILLY,190.0
978,Manukau,4,29-12-2022,WILD KIWI,2.7
979,Manukau,4,29-12-2022,ZIPPING SPOOK,9.072565919
980,Manukau,9,29-12-2022,SWEET BANJO,4.234189384132332
981,Addington,11,29-12-2022,SMASH WAVE,4.8
982,Addington,11,29-12-2022,ADOBE DERULO,4.8
983,Angle,1,29-12-2022,AUDACITY,3.0
984,Sandown,1,29-12-2022,FEDERAL FLASH,5.563234258
985,Sandown,3,29-12-2022,MASTER CLASS,30.0
986,Sandown,5,29-12-2022,MAJESTIC JAY,30.0
987,Sandown,5,29-12-2022,DEWANA BURGER,2.1882139494841253
988,Sandown,6,29-12-2022,ON THE OFF,11.0
989,Sandown,7,29-12-2022,WEBLEC SCOUT,11.0
990,Sandown,7,29-12-2022,DOWNSTREAM,9.44436825737823
991,Casino,1,29-12-2022,GINGER BONUS,123.10444563811063
992,Casino,2,29-12-2022,ORIENTAL SERIES,3.546112828662225
993,Casino,2,29-12-2022,SPRITELY GLENNIS,29.870605254819388
994,Casino,4,29-12-2022,JUMBO OZAKI,6.4
995,Casino,5,29-12-2022,CHASING SUNDAY,3.511013892687915
996,Casino,6,29-12-2022,NANGAR CANDY,3.1214933906552327
997,Sandown,10,29-12-2022,TOUGH TEARS,40.32545809240081
998,Sandown,10,29-12-2022,WHITE WHALE,13.930424401263584
999,Sandown,11,29-12-2022,GO SEEK KOTONI,12.0
1000,Sandown,12,29-12-2022,GENIAL JED,13.0
1001,Dapto,4,29-12-2022,MOBILE DOLL MAY,23.26256879929453
1002,Dapto,6,29-12-2022,ZIPPING MAHALIA,2.2090299124908777
1003,Dapto,6,29-12-2022,ROSE BAY RUBY,47.414012691497625
1004,Dapto,7,29-12-2022,TESKEY,20.511533608
1005,Dapto,7,29-12-2022,EBONY MOSS,18.199299379739134
1006,Casino,7,29-12-2022,BUGATTI FIERCE,4.934787444542164
1007,Casino,7,29-12-2022,SMOOTH HEAVEN,22.0
1008,Casino,8,29-12-2022,DEMON KINGSBRAE,1.359759531129894
1009,Casino,10,29-12-2022,LAURIES DELIGHT,10.5
1010,Casino,10,29-12-2022,MAKE IT COUNT,30.0
1011,Dapto,9,29-12-2022,YUKON BEAR,21.0
1012,Dapto,12,29-12-2022,HOT STREAK,9.781842583
1019,Hobart,1,29-12-2022,MINSTREL ADIOS,2.26
1020,Hobart,3,29-12-2022,DONT TELL NEO,3.7
1021,Hobart,3,29-12-2022,LEGAL DANGER,273.6557825481355
1022,Hobart,8,29-12-2022,ALWAYS BAROQUE,120.0
1023,Manukau,5,29-12-2022,CHIPPERS CHOICE,7.6
1024,Manukau,7,29-12-2022,ALLEGRO DRAKE,20.0
1025,Addington,4,29-12-2022,BARBARAS ANGEL,4.339975819804567
1026,Addington,7,29-12-2022,DEMBE,3.865512198201367
1027,Addington,9,29-12-2022,CALCULATED RISK,10.0
1028,Addington,12,29-12-2022,MUSTANG MEGAN,14.5
1029,Addington,12,29-12-2022,GOLDSTAR ANGE,17.0
1033,Sandown,8,29-12-2022,NITRO BALE,18.0
1034,Sandown,8,29-12-2022,KANJI GIANT,24.593992154
1035,Manukau,11,29-12-2022,PERSIAN CHIEF,17.5
1087,Manukau,12,29-12-2022,SMASH ZONE,95.0
1088,Addington,1,29-12-2022,CULVIE BUN,24.0
1089,Addington,5,29-12-2022,ZIPPING ONTARIO,11.398645142298191
1090,Addington,8,29-12-2022,SADIKI BALE,2.76650792251501
1091,Albion,1,29-12-2022,SHES SOME FOX,10.708000508
1092,Albion,1,29-12-2022,JUPITER,12.0
1101,Dapto,10,29-12-2022,ALL FOR IRISH,4.7
1102,Shepparton,2,29-12-2022,CAVEMAN,75.0
1103,Shepparton,4,29-12-2022,ALL INN WAR,18.690017732
1104,Shepparton,4,29-12-2022,SODA KIWI,1.68
1105,Dapto,1,29-12-2022,SURE IS LOOSE,3.3620345096180246
1106,Shepparton,6,29-12-2022,MERCURY ICON,28.849094688
1107,Shepparton,7,29-12-2022,FARLOW BALE,4.478524097
1108,Shepparton,9,29-12-2022,THURMAN,4.525889627609885
1109,Shepparton,9,29-12-2022,JUICE,14.900454312819058
1110,Shepparton,10,29-12-2022,MOYARRA MINSTREL,60.0
1111,Shepparton,11,29-12-2022,HONEST THIEF,37.16725453665334
1120,Healesville,3,29-12-2022,RAMBLIN MAN,4.6
1121,Healesville,5,29-12-2022, SHES A LOOKER,7.0
1122,Healesville,5,29-12-2022,WARM BEER,4.254775276289547
1123,Healesville,6,29-12-2022,HILTON HAWK,97.0028100498882
1124,Healesville,9,29-12-2022,LEGGERO,446.40122199960047
1125,Healesville,10,29-12-2022,DEVINE SAL,5.4
1126,Warragul,1,29-12-2022,WHERES MY CASH,130.0
1127,Warragul,1,29-12-2022,RUMOUR NOT FACT,3.4893620565040333
1128,Warragul,9,29-12-2022,TAKING A TOLL,13.0
1129,Warragul,9,29-12-2022,SWEET LOLA,10.5
1130,Warragul,9,29-12-2022,LINE AND LENGTH,9.939059850780758
1131,Warragul,12,29-12-2022,KNUCKLES GALORE,37.059769154106085
1132,Warragul,12,29-12-2022,ASTON JIVE,24.0
1133,Albion,6,29-12-2022,ABLETT HAYZE,32.35842904662248
1134,Albion,6,29-12-2022,PERFECT TYRANT,18.5
1137,Albion,3,29-12-2022,DOLLY DUTTON,3.75
1138,Albion,3,29-12-2022,BALMY NIGHTS,11.068566362108104
1139,Albion,3,29-12-2022,EMBRACE,20.0
1153,Albion,5,29-12-2022,ELECTRIFIED,1.7697680921896426
1154,Albion,11,29-12-2022,BUST A MOVE,38.07221333716996
1155,Gunnedah,6,29-12-2022,STAY HUMBLE,1.9194328372083875
1156,Healesville,1,29-12-2022,IM WAITING,3.134713313430912
1157,Healesville,2,29-12-2022,CASH SENOR,10.5
1162,Manukau,8,29-12-2022,COOLIBAH KID,6.4
1163,Manukau,8,29-12-2022,BANDIT BILLY,3.664775643504691
1182,Albion,7,29-12-2022,DE FERRAN,1.88
1183,Albion,7,29-12-2022,MR TIM MCGEE,75.0
1184,Angle,4,29-12-2022,MALLEE MAGIC,1.6023754527015168
1185,Angle,4,29-12-2022,WHISKEY SODA,9.21093543218565
1186,Angle,5,29-12-2022,LANA INTENTION,20.0
1187,Angle,5,29-12-2022,MY MATE SNOW,9.206736971
1188,Angle,8,29-12-2022,RAVERS ARMY,4.936086386
1189,Angle,9,29-12-2022,YASMIN BELLE,2.2
1190,Angle,10,29-12-2022,JAX BALE,1.9404505151025295
1191,Addington,3,29-12-2022,HOMEBUSH ARCHIE,80.760025788
1192,Addington,3,29-12-2022,GINGER SHAW,62.729260485
1195,Manukau,10,29-12-2022,CUT AND DRY,17.0
1196,Manukau,10,29-12-2022,GO AHEAD CALLER,28.0
1197,Addington,2,29-12-2022,SEFTON HEIGHTS,9.4
1200,Hobart,5,29-12-2022, GOT THE BLUES,7.419581673294013
1201,Hobart,5,29-12-2022,LOCH AND LOADED,9.6
1202,Hobart,6,29-12-2022,NATHAN EARL,6.6
1205,Mandurah,9,29-12-2022,MAX FLASH,11.616529428628272
1206,Mount,1,29-12-2022,SUGAR YOUR SWEET,11.650160015
1207,Albion,10,29-12-2022,LOCKED ON SCOTCH,46.0
1208,Hobart,2,29-12-2022,TOMMY RICO,90.0
1209,Mandurah,2,29-12-2022,HELLO IM KIT,40.0
1210,Mandurah,4,29-12-2022,HELLO IM HONEY,34.10685397184425
1211,Mandurah,5,29-12-2022,DELPHINI,2.571971617270065
1212,Mandurah,5,29-12-2022,LEFT RIGHT NOW,8.4
1213,Mandurah,5,29-12-2022,GRACIE LOU,5.5
1214,Mandurah,6,29-12-2022,BAMSYS GIRL,9.4
1215,Mandurah,7,29-12-2022,FERNANDO FURY,29.443050562310965
1216,Mandurah,7,29-12-2022,HAUNTED HOUSE,35.246681640215115
1217,Mandurah,8,29-12-2022,IMPRESS VENUS,166.16948635088278
1218,Mandurah,10,29-12-2022,FEDERAL KIWI,2.753440961
1219,Mandurah,10,29-12-2022,ONLY SAYING,8.340183219367175
1220,Mandurah,10,29-12-2022,PAUA OF MOLLY,3.3831597326053453
1221,Mandurah,11,29-12-2022,FLYNN MCCOOL,4.2
1222,Mandurah,11,29-12-2022,LADY JOSIE,8.4
1223,Mandurah,13,29-12-2022,DANISH LACE,6.791491700855257
1224,Mandurah,13,29-12-2022,ASTRO CLASSIFIED,2.567930235
1225,Mount,4,29-12-2022,BLUE SKY MIND,28.047682253
1226,Mount,4,29-12-2022,BARRY THE BROKER,7.838611403210235
1227,Mount,5,29-12-2022,BUNGALOO RACHELE,20.654589401873903
1228,Mount,6,29-12-2022,CADILLAC ROCKS,9.8
1229,Mount,7,29-12-2022,WHO KNOWS CHLOE,29.54333136185421
1230,Mount,8,29-12-2022,BUNGALOO JOSH,20.454586414
1231,Mount,8,29-12-2022,CAWBOURNE SUNNY,30.46567096452811
1232,Mount,9,29-12-2022,FREELANCE,34.92445502588604
1233,Mount,10,29-12-2022,FAST KAPLAN,28.33159373189457
1234,Mount,12,29-12-2022,MOCAMBORA BELLA,38.0
1235,Gunnedah,2,29-12-2022,TRALEE BETH,4.5
1236,Gunnedah,2,29-12-2022,SUGAR KEEPING,1.791400152
1237,Gunnedah,3,29-12-2022,GOZARN,4.464302319362469
1238,Gunnedah,7,29-12-2022,RECALIBRATE,1.702309901
1239,Gunnedah,7,29-12-2022,BLUE ZEAL,7.0
1240,Gunnedah,7,29-12-2022,TWO SUNS,52.087444874
1241,Gunnedah,11,29-12-2022,GREEK MALT,15.5
1242,Gunnedah,12,29-12-2022,ARROGANT PHOENIX,25.0
1243,Warragul,2,29-12-2022,WINTER STORM,4.876658222168627
1247,Hobart,4,29-12-2022,RUN RED RUN,13.850153323532728
1248,Manukau,9,29-12-2022,GO EVE,13.960410989
1249,Addington,11,29-12-2022,EPIC ROOSTER,6.2
1250,Angle,1,29-12-2022,AMBROSE BALE,17.839909413519788
1251,Sandown,1,29-12-2022,PROJECTOR,4.721286531143123
1252,Sandown,4,29-12-2022,SODA EXTREME,23.059327024109656
1253,Sandown,5,29-12-2022,ARBYS LUCY,130.923612466
1254,Sandown,6,29-12-2022,KORDA,2.2560703093972365
1255,Sandown,6,29-12-2022,FOXY BOURBSKI,56.77835374359807
1256,Casino,4,29-12-2022,BONBON FIRE,2.052166200102264
1257,Sandown,10,29-12-2022,ASTON MALLE,11.5
1258,Dapto,7,29-12-2022,PANDAS BUDDY,139.14738783039382
1259,Casino,7,29-12-2022,BOKARM DONNA,7.840052105734374
1260,Casino,7,29-12-2022,LUCY UNLEASHED,9.6
1261,Casino,8,29-12-2022,BLUE CHIP SONNY,32.0
1262,Casino,9,29-12-2022,KINGSBRAE ANNA,3.964142904
1263,Casino,10,29-12-2022,MISS DUDETTE,5.668206630600617
1264,Casino,11,29-12-2022,DASHING DISPLAY,2.254618513321184
1265,Dapto,8,29-12-2022,LIGHTNING STAR,4.454543019295233
1266,Dapto,9,29-12-2022,IMPATIENT GIRL,90.0
1274,Hobart,1,29-12-2022,ACCUSATION,20.413267731
1275,Hobart,3,29-12-2022,STRAIGHT LINES,48.0
1276,Hobart,3,29-12-2022,CISCO KID,160.0
1277,Hobart,8,29-12-2022,MANILA FLASH,5.9
1278,Hobart,8,29-12-2022,ISURAVA,2.304349653
1279,Hobart,8,29-12-2022,RED TITAN,11.0
1280,Hobart,8,29-12-2022,JORDAN TITAN,34.75852308077227
1281,Manukau,7,29-12-2022,OPAWA ARLO,7.164405154615072
1282,Addington,4,29-12-2022,SOZINS PRINCE,6.2
1283,Addington,4,29-12-2022,MAXIMA,7.4
1284,Addington,4,29-12-2022,TAIERI TAYLEE,5.6
1288,Sandown,8,29-12-2022,WIGRAM ROAD,18.429595757294443
1289,Sandown,8,29-12-2022,PAUA OF SILENCE,6.6
1320,Manukau,6,29-12-2022,START BAILING,24.0
1321,Manukau,12,29-12-2022,JUST ONE LAUGH,1.92
1322,Addington,5,29-12-2022,HUMBLING,33.0081137406686
1323,Addington,10,29-12-2022,SINHA MAN,14.0
1332,Dapto,10,29-12-2022,MOUNT YORK,7.0
1333,Dapto,10,29-12-2022,SUCCULENT STARE,3.2
1334,Shepparton,1,29-12-2022,UNCLE ROSCO,1.4587685734499247
1335,Shepparton,1,29-12-2022,TAT KENNY,60.0
1336,Shepparton,4,29-12-2022,BOK CHOY,7.068720720591953
1337,Shepparton,5,29-12-2022,BUDDY MONELLI,15.055360734
1338,Dapto,1,29-12-2022,DESPICABLE ORA,9.79838795355521
1339,Dapto,1,29-12-2022,FIRE UP FERNANDO,36.0
1340,Shepparton,6,29-12-2022,BOLD LINDA,9.6
1341,Shepparton,7,29-12-2022,RUN BABA RUN,4.6
1342,Shepparton,7,29-12-2022,TANGO ICON,6.107898437254189
1343,Shepparton,7,29-12-2022,TAT YAP,21.0
1344,Shepparton,8,29-12-2022,QUEEN SAL,18.501515664197505
1345,Shepparton,9,29-12-2022,TONICS GIRL,5.34731889246672
1346,Shepparton,9,29-12-2022,CHLOES CHINA,28.257504558
1347,Shepparton,10,29-12-2022,ALL INN JASPER,9.089994463203476
1348,Dapto,5,29-12-2022,AMEENAS ATHENA,4.3
1349,Dapto,5,29-12-2022,JUST DREAM,10.0
1350,Dapto,5,29-12-2022,SLAM THE DOOR,3.4256902335796613
1364,Healesville,3,29-12-2022,THUNDER STRUCK,6.909077691739841
1365,Healesville,4,29-12-2022,DEADLY DEDUCTION,28.0
1366,Healesville,6,29-12-2022,ZERO,13.0
1367,Healesville,6,29-12-2022,CHAPPYS GIRL,2.72
1368,Healesville,6,29-12-2022,SALIENCE,66.73623562969267
1369,Healesville,6,29-12-2022,AMERICAN MISSILE,12.5
1370,Healesville,7,29-12-2022,SENNA FOREVER,1.723573304
1371,Healesville,7,29-12-2022,GAI WATER STAR,20.0
1372,Healesville,7,29-12-2022,COSMIC HOLIDAY,16.0
1373,Healesville,9,29-12-2022,DUSTY GOLD,140.0
1374,Healesville,10,29-12-2022,SALLY SUGAR,96.404456676
1375,Healesville,11,29-12-2022,NO ANCHOVIES,2.368486483
1376,Healesville,11,29-12-2022,SHE HAS IT,120.0
1377,Healesville,11,29-12-2022,MANILA ARTISAN,7.129298767
1378,Warragul,3,29-12-2022,MEGA BANJO,270.0
1379,Warragul,4,29-12-2022,ACAPULCO,17.046057605128734
1380,Warragul,5,29-12-2022,HURRICANE DEMON,2.482318256378676
1381,Warragul,5,29-12-2022,BOOT A DREAM,8.8
1382,Warragul,5,29-12-2022,PIRATE TAILS,16.5
1383,Warragul,6,29-12-2022,MIDNIGHT BREEZE,90.0
1384,Warragul,6,29-12-2022,BLACK POWER,7.0
1385,Warragul,7,29-12-2022,LITTLE NELLIE,2.888556330129795
1386,Warragul,9,29-12-2022,BOROUGH PREMIERS,7.905808712164872
1387,Warragul,9,29-12-2022,PRINCE PULPOGAN,3.133161021659252
1388,Warragul,10,29-12-2022,QUEEN ZIPPER,490.0
1389,Warragul,10,29-12-2022,SWEETY POP,18.5
1390,Warragul,11,29-12-2022,PACIFIC PRAYER,8.6
1391,Albion,6,29-12-2022,HANDSOME ALERT,410.0
1392,Albion,6,29-12-2022,FANCY A SCOTCH,62.066968893
1393,Bendigo,1,29-12-2022,PLAY THE VICTIM,38.96396982865144
1402,Albion,2,29-12-2022,HARAS PANDORA,9.760743393
1403,Albion,2,29-12-2022,MY DREAM GIRL,70.0
1404,Albion,3,29-12-2022,CARAMEL QUEEN,55.0
1405,Albion,3,29-12-2022,SMART HOUDINI,36.0
1419,Albion,5,29-12-2022,SAUVE RIPPLE,12.037271396308205
1420,Albion,5,29-12-2022,BOYS LIGHT UP,4.2
1421,Albion,12,29-12-2022,MUMMAS MACHINE,12.0
1422,Albion,12,29-12-2022,MORTONS JILLIBY,2.2030459368264195
1423,Albion,12,29-12-2022, HUMAN TOUCH,110.0
1424,Gunnedah,6,29-12-2022,KAIDEE DIXIE,10.891316631
1425,Gunnedah,6,29-12-2022,MISCHIEF PAL,46.0
1426,Gunnedah,6,29-12-2022,BOGIE BANDIT,8.4
1427,Healesville,2,29-12-2022,OHANA RANADI,11.0
1428,Healesville,2,29-12-2022,FLY SLIP,3.099532343634495
1429,Healesville,2,29-12-2022,SPEED MASTER,3.1245353735949912
1433,Manukau,8,29-12-2022,HURRICANE BOB,18.5
1434,Manukau,8,29-12-2022,PORTLAND ETHAN,7.0
1451,Angle,2,29-12-2022,BOY FROM HILL,11.0
1452,Angle,2,29-12-2022,GO JET GO,2.5068244717812838
1453,Angle,3,29-12-2022,JESSORE,7.189890214
1454,Angle,6,29-12-2022,QUEEN OF SCOTCH,4.050812549
1455,Angle,7,29-12-2022,VICTA EMMA,3.920630896883559
1456,Angle,7,29-12-2022,WOODSIDE BROCKIE,8.873265121
1457,Angle,8,29-12-2022,MISS FREE REIGN,11.188623577837715
1458,Mount,11,29-12-2022,PROBLEM ANGEL,9.8
1459,Albion,8,29-12-2022,TITANIUM GUNN,110.0
1460,Addington,3,29-12-2022,DIAMOND VAPER,10.671166280151809
1461,Addington,3,29-12-2022,MONEY BAGS,24.90405083961785
1462,Addington,2,29-12-2022,MY CURLY,210.0
1464,Hobart,6,29-12-2022,LOVE AGAIN,5.202273771
1471,Mandurah,9,29-12-2022,BONBIE PANTHER,3.35
1472,Mount,1,29-12-2022,CHASING HER TAIL,3.72144318111541
1473,Mount,1,29-12-2022,CHASING BARBIE,7.4
1474,Albion,9,29-12-2022,ORCHESTRATE,4.5
1475,Albion,10,29-12-2022,FEARGHAL MONELLI,15.34566484659677
1476,Hobart,2,29-12-2022,LEGAL TENDER,16.947002163148717
1477,Hobart,2,29-12-2022,SICK BUBBLEGUM,4.1607611212956535
1478,Mandurah,3,29-12-2022,SOLAR ZOOM,34.0
1479,Mandurah,3,29-12-2022,RUBYS ROCKET,9.340542205579112
1480,Mandurah,4,29-12-2022,YOURE BUSTED,1.645143388163019
1481,Mandurah,4,29-12-2022,YUNDERUP SALLY,10.5
1482,Mandurah,4,29-12-2022,DANDALUP PEARL,5.5588027221258365
1483,Mandurah,6,29-12-2022,MONAGRILLO,16.0
1484,Mandurah,6,29-12-2022,COPPY NIPPER,2.0
1485,Mandurah,8,29-12-2022,ONLY A GUESS,2.491358188
1486,Mandurah,10,29-12-2022,IMPRESS LEDECKY,14.637243972478371
1487,Mandurah,11,29-12-2022,DIVINE DIXIE,37.807533458
1488,Mandurah,11,29-12-2022,DANCE THE LIMBO,20.0
1489,Mandurah,13,29-12-2022,PRIME BILLIE,9.480984279785773
1490,Mount,6,29-12-2022,COMPTON SERENA,4.5
1491,Mount,7,29-12-2022,PIOPIO,20.0
1492,Mount,8,29-12-2022,CLONED,27.58103578
1493,Mount,12,29-12-2022,GLENVILLE ROSE,23.29616324737474
1494,Gunnedah,1,29-12-2022,ARROGANT OSCAR,90.0
1495,Gunnedah,1,29-12-2022,BUSH KANGAROO,96.57615969237986
1496,Gunnedah,4,29-12-2022,JAPANESE BLACK,7.6
1497,Gunnedah,4,29-12-2022,RIVERINA IVY,147.27419046552404
1498,Gunnedah,5,29-12-2022,CHARMING SPIRIT,6.531347119458471
1499,Gunnedah,9,29-12-2022,WIRADJURI QUEEN,2.56
1500,Gunnedah,9,29-12-2022,GREEK FLAME,11.5
1501,Gunnedah,9,29-12-2022,GOTHIKA,323.162453099
1502,Gunnedah,12,29-12-2022,RAJA AMPAT,4.90027886623348
1503,Warragul,2,29-12-2022,SPEED LINE SALLY,3.7076431792747457
1507,Hobart,4,29-12-2022,MISS AVATAR,14.0
1508,Hobart,7,29-12-2022,OAKWOOD,6.0
1509,Manukau,4,29-12-2022,ZIPPING AUBRY,11.260390997
1510,Manukau,4,29-12-2022,BEES AND BIRDS,26.0
1511,Manukau,4,29-12-2022,MIRKO,7.0
1512,Manukau,9,29-12-2022,BUTTERFLY CHILD,48.0875713251807
1513,Manukau,9,29-12-2022,KNUCKLES NUGGET,18.211523515
1514,Addington,6,29-12-2022,ROWDYS MONSTER,2.72
1515,Addington,6,29-12-2022,HOMEBUSH HONEY,27.0
1516,Addington,11,29-12-2022,MAISEY,16.5
1517,Angle,1,29-12-2022,MOST WANTED,43.928672193158405
1518,Sandown,4,29-12-2022,ASTON VELVET,2.004879811532919
1519,Sandown,4,29-12-2022,MY BONNEVILLE,4.218688144820408
1520,Sandown,5,29-12-2022,CLIPS,200.0
1521,Sandown,5,29-12-2022,SODA APACHE,12.5
1522,Sandown,9,29-12-2022,NAGAMBIE BALE,62.756818416
1523,Casino,2,29-12-2022,AMARTEY PARTY,12.5
1524,Casino,3,29-12-2022,BOOK BOOK,100.0
1525,Casino,3,29-12-2022,MAJOR RUST,5.005008273499261
1526,Casino,3,29-12-2022,SMOOTH GRACE,110.0
1527,Casino,4,29-12-2022,ASTON SIMPKIN,19.0
1528,Casino,4,29-12-2022,PROSECUTE,5.752011713793326
1529,Casino,5,29-12-2022,MAGIC SECRET,5.99531427
1530,Casino,5,29-12-2022,BOYS NIGHT OUT,29.880422812751497
1531,Sandown,10,29-12-2022,NATTEO BALE,9.448956385564044
1532,Sandown,10,29-12-2022,QUINCEE BALE,27.136284443320324
1533,Sandown,11,29-12-2022,KANJI EXILED,5.9
1534,Casino,7,29-12-2022,MY REPUTATION,4.8
1535,Casino,7,29-12-2022,JAKES A RAKE,136.30772498080157
1536,Casino,10,29-12-2022,DASHA TULLAMORE,75.2346733015988
1537,Dapto,8,29-12-2022,LIGHTNING ZOMBIE,41.28923282712813
1538,Dapto,9,29-12-2022,PANDORAS STAR,35.45197602
1539,Dapto,11,29-12-2022,PURNIA BALE,9.74126667818404
1540,Dapto,12,29-12-2022,MANILA BEEF,3.186327542290456
1541,Dapto,12,29-12-2022,SKIBO REBEL,191.08497085483037
1542,Dapto,12,29-12-2022,HAND BREAK,250.0383766542974
1549,Hobart,1,29-12-2022,TALKING RAJA,4.9
1550,Hobart,1,29-12-2022,TAH ASH,194.5603544897656
1551,Hobart,1,29-12-2022,LEGENDARY DANGER,8.323759215839818
1552,Manukau,5,29-12-2022,CREAMING SODA,6.2
1553,Manukau,7,29-12-2022,WIDE BOY,5.3
1554,Addington,4,29-12-2022,KNOW GLOATING,27.699505179820115
1555,Addington,4,29-12-2022,MINE HUNTER,8.98781554
1556,Addington,7,29-12-2022,ADOBE KID,13.29841051062569
1557,Addington,9,29-12-2022,OPAWA CONAN,3.35
1558,Addington,12,29-12-2022,MIGHTY MCCOOK,12.0
1559,Addington,12,29-12-2022,OHOKA TOREY,87.82896691377216
1563,Sandown,8,29-12-2022,ZARAS IVAN,6.343904033515136
1610,Manukau,6,29-12-2022,SMASH MISFIT,15.0
1611,Addington,10,29-12-2022,SUGAR TIME,11.728055632230827
1612,Addington,10,29-12-2022,ALHAMBRA,5.549688499
1613,Albion,1,29-12-2022,SWISH,6.4
1619,Shepparton,1,29-12-2022,SHES MY POPPINS,240.0
1620,Shepparton,2,29-12-2022,BERN BY,41.20693790770427
1621,Shepparton,3,29-12-2022,COALVILLE GIRL,5.9
1622,Dapto,2,29-12-2022,SASH EXPRESS,37.20841299319408
1623,Dapto,3,29-12-2022,RICH MANS WORLD,10.5
1624,Shepparton,6,29-12-2022,PERFECT FLOSSY,15.414652874565215
1625,Shepparton,8,29-12-2022,ZHENYE BALE,42.0
1626,Shepparton,9,29-12-2022,HUSKY FRECKLE,270.0
1627,Shepparton,12,29-12-2022,STYLISH KEN,2.686499717
1628,Shepparton,12,29-12-2022,ZIPPING PIP,7.659847827617414
1629,Shepparton,12,29-12-2022,CELTIC BOUY,10.5
1646,Healesville,3,29-12-2022,PERSEUS,16.1536913347771
1647,Healesville,4,29-12-2022,OUT AND DREAMING,2.163205518827154
1648,Healesville,4,29-12-2022,CLEMONS,149.026844898346
1649,Healesville,5,29-12-2022,STRAIGHT SHOOTER,23.150597041159635
1650,Healesville,6,29-12-2022,APOLLO ONE,10.0
1651,Healesville,6,29-12-2022,BUCKLE UP,8.6
1652,Healesville,7,29-12-2022,GUNAI GIRL,9.139751513558146
1653,Healesville,7,29-12-2022,JUNIOR MARJEN,22.380837478309257
1654,Healesville,8,29-12-2022,SUPERIOR THUNDER,1.93
1655,Healesville,8,29-12-2022,ESPECIAL SPEED,4.7
1656,Healesville,8,29-12-2022,SYSTEM ISSUES,70.0
1657,Healesville,8,29-12-2022,COLOSSAL FIRE,43.27801600868232
1658,Healesville,8,29-12-2022,BRUREE TOWN,9.0
1659,Healesville,9,29-12-2022,AUSSIE ANNIE,10.5
1660,Healesville,9,29-12-2022,SONIC CYCLONE,32.0
1661,Healesville,10,29-12-2022,ESPECIAL HARVEY,6.8
1662,Healesville,12,29-12-2022,WAVES CRASHING,4.6
1663,Healesville,12,29-12-2022,LITTLE BLAZER,44.0
1664,Warragul,4,29-12-2022,BOURNE SUPREMACY,5.268388145
1665,Warragul,6,29-12-2022,ENRAGED,9.354803850797468
1666,Warragul,8,29-12-2022,SCOOBY GOES BANG,9.836372006474994
1667,Warragul,10,29-12-2022,AUDREY ZOLA,1.5026157376523588
1668,Warragul,10,29-12-2022,GOLDEN COAST,55.0
1669,Warragul,12,29-12-2022,HERE COMES LENNY,1.76
1670,Albion,6,29-12-2022,OUT OF SCOPE,220.0
1671,Bendigo,1,29-12-2022,GUS THE BUS,2.221021964
1672,Bendigo,1,29-12-2022,EMMAS PORTRAIT,140.0
1674,Albion,2,29-12-2022,GLORIAS LEGACY,140.0
1675,Albion,3,29-12-2022,HARAS OPAL,11.5
1676,Albion,4,29-12-2022,SAMSON POWER,100.78308108777972
1685,Albion,5,29-12-2022,ANTONIOS PRIDE,200.0
1686,Albion,12,29-12-2022,KEY WEST,10.0
1687,Albion,12,29-12-2022,UMAGICO,42.29872286816367
1688,Healesville,1,29-12-2022,SELMA SLICK,40.0
1689,Healesville,1,29-12-2022,SILKY FILO,7.726403340329998
1690,Healesville,1,29-12-2022,ROMENA CHARM,8.411092663878986
1691,Healesville,1,29-12-2022,BALDO,7.715516173
1692,Healesville,2,29-12-2022, DONALD LANE,10.5
1693,Healesville,2,29-12-2022,LITTLE THOR,30.0
1694,Healesville,2,29-12-2022,MINI MASON,60.0
1701,Manukau,8,29-12-2022,GRUMPY JOCK,12.926803403273224
1715,Angle,4,29-12-2022,MISS SCALLYWAG,3.972741288542748
1716,Angle,5,29-12-2022,CHAIR MAN,3.776741950327996
1717,Angle,5,29-12-2022,FIRED UP FINN,21.0
1718,Angle,7,29-12-2022,YANKEE COSTANZA,3.946065175237127
1719,Angle,9,29-12-2022,BASSOS CHOICE,55.0
1720,Angle,10,29-12-2022,COLONEL TRIGGER,2.658812202234221
1721,Angle,11,29-12-2022,RESURGENCE,8.156744459493495
1722,Albion,8,29-12-2022,SHANGHAI GOLD,155.9362226583052
1726,Addington,2,29-12-2022,DIAMOND NEENA,23.0
1727,Hobart,5,29-12-2022,BEDROCK CRUISER,5.8
1728,Hobart,6,29-12-2022,JUST THE MISS,210.79641375538543
1729,Hobart,9,29-12-2022,BENNACHIE LASS,15.463498033233922
1730,Hobart,10,29-12-2022,SALLYS NEMO,16.06301558810286
1734,Mandurah,9,29-12-2022,GOT THE FURY,6.666571983895371
1735,Mandurah,9,29-12-2022,REMEMBRANCE,6.476761417251756
1736,Albion,9,29-12-2022,FEEL THE BEAT,42.283011463
1737,Albion,10,29-12-2022,SHOWDOWN,3.33052730741958
1738,Hobart,2,29-12-2022,SMOKING YOGI,21.0
1740,Mandurah,1,29-12-2022,LETS DIG IT,8.6
1741,Mandurah,2,29-12-2022,ESCAPOLOGIST,3.673730765289948
1742,Mandurah,2,29-12-2022,EMOTIONAL DAMAGE,7.4
1743,Mandurah,3,29-12-2022,ON THE BOGAN,1.677194723232451
1744,Mandurah,5,29-12-2022,RYANS DEAL,5.3
1745,Mandurah,5,29-12-2022, WISE SUFFOLK,138.89703130261734
1746,Mandurah,7,29-12-2022,HE CAN BROWSE,3.009963300817762
1747,Mandurah,10,29-12-2022,SILLY OLD BEAR,12.99930429247208
1748,Mandurah,11,29-12-2022,ADVENTURE QUEEN,6.253378195371479
1749,Mandurah,12,29-12-2022,SHREKS NINJA,38.0
1750,Mandurah,12,29-12-2022,MAGICAL FUN,10.483178850819824
1751,Mandurah,12,29-12-2022,CAUSEWAY GIRL,90.0
1752,Mandurah,12,29-12-2022,JACOPO,1.9530950312577744
1753,Mandurah,13,29-12-2022,TAPIS MAGIQUE,13.62796174359275
1754,Mount,2,29-12-2022,BLACK STREET,5.6
1755,Mount,2,29-12-2022,CAWBOURNE KIKI,6.295552977898332
1756,Mount,3,29-12-2022,VANILLA SLICK,18.0
1757,Mount,4,29-12-2022,CADILLAC PATCH,8.2
1758,Mount,5,29-12-2022,MENARI HOUDINI,19.70274288931978
1759,Mount,8,29-12-2022,PAW SOME SLOANE,1.844766861
1760,Mount,9,29-12-2022,KEEP UP CADILLAC,30.0
1761,Gunnedah,1,29-12-2022,LIGHT DUTIES,3.47196994740305
1762,Gunnedah,2,29-12-2022,CHIP ROCK,13.5
1763,Gunnedah,5,29-12-2022,OSCAR OCTOPUS,32.0
1764,Gunnedah,7,29-12-2022,KING ELF,352.559482297
1765,Gunnedah,9,29-12-2022,WONDER WOOLLY,6.6
1766,Gunnedah,11,29-12-2022,SKETCHY COMBAT,3.766345052829711
1767,Gunnedah,12,29-12-2022,LEVIS BEACH,2.5590366823773723
1768,Warragul,2,29-12-2022,PENNY DAZE,19.0
1771,Hobart,4,29-12-2022,CLAIRVOYANT,38.0
1772,Hobart,7,29-12-2022,BLAZING BLACK,28.492664139282947
1773,Hobart,7,29-12-2022,GLOVER,1.979499537299053
1774,Manukau,4,29-12-2022,PINA COLADA,13.224427875204563
1775,Addington,6,29-12-2022,YOUNG MASE,11.0
1776,Addington,6,29-12-2022,HOMEBUSH GLITCH,5.5
1777,Angle,1,29-12-2022,CAWBOURNE NEO,9.2
1778,Sandown,1,29-12-2022,FLYING FREE,25.376324405297048
1779,Sandown,1,29-12-2022,HOLY WRECK,13.5
1780,Sandown,3,29-12-2022,CRACKERJACK KING,9.4
1781,Sandown,4,29-12-2022,VENUS LIGHT,90.0
1782,Sandown,6,29-12-2022,SHES FOR REAL,67.47609159846303
1783,Sandown,7,29-12-2022,KNOW ETHICS,17.626530902384676
1784,Sandown,7,29-12-2022,ZIVON BALE,40.0
1785,Casino,1,29-12-2022,ARTURO,14.5
1786,Casino,2,29-12-2022,TOBY VALLEY,8.0
1787,Casino,4,29-12-2022,JIMARY GEORGIA,16.5
1788,Casino,4,29-12-2022,ANGEL GAMBLER,32.0
1789,Casino,5,29-12-2022,WHO ROUX DUDE,15.5
1790,Casino,6,29-12-2022,BURN THE EDGE,23.0
1791,Sandown,10,29-12-2022,VOLKANOVSKI,3.95
1792,Sandown,11,29-12-2022,KRYSTAL BALE,52.24146930484461
1793,Dapto,4,29-12-2022,RECTIFIED,13.618614694576388
1794,Dapto,4,29-12-2022,MYSTICAL ZENDIK,23.048784936
1795,Dapto,4,29-12-2022,OMAHA BALE,6.4
1796,Dapto,6,29-12-2022,SLINGSHOT LUCY,100.0
1797,Casino,7,29-12-2022,TIPPLE VALLEY,3.745453861810384
1798,Casino,9,29-12-2022,MOONLIT PICTURE,2.651853824242899
1799,Casino,9,29-12-2022,OUT OF CASH,30.381870612
1800,Casino,9,29-12-2022,LAURIES JESS,41.95883684975212
1801,Casino,11,29-12-2022,CLOVER RETURNS,110.0
1802,Dapto,9,29-12-2022,PACIFIC GOLD,9.609002391
1803,Dapto,9,29-12-2022,VALENCIA BALE,5.7
1804,Dapto,11,29-12-2022,SALLY CAN DO,12.233683741847054
1805,Dapto,11,29-12-2022,NEXT OF KIN,12.055886825
1806,Dapto,12,29-12-2022,IDEAL DREAM,7.8
1814,Hobart,1,29-12-2022,IF IM LUCKY,38.534635015763335
1815,Hobart,3,29-12-2022,BLITZ DANGER,2.867315766
1816,Manukau,7,29-12-2022,SWEET AMBER JOY,7.173187648
1817,Manukau,7,29-12-2022,GREAT WORK,17.0
1818,Addington,7,29-12-2022,GO HAZEL,8.4
1819,Addington,7,29-12-2022,ZIPPING TRACKER,15.72375378188942
1820,Addington,12,29-12-2022,KNOW RATIO,22.0
1822,Manukau,11,29-12-2022,LOYAL REDEEMER,18.5
1863,Manukau,6,29-12-2022,BIG TIME LAD,46.0
1864,Manukau,12,29-12-2022,BARREL MAKER,56.93544290323331
1865,Addington,1,29-12-2022,SIX PACK NUGGET,8.511792509285735
1866,Addington,5,29-12-2022,ROHAN BALE,3.977232749
1867,Addington,10,29-12-2022,SMASH READY,7.8
1868,Albion,1,29-12-2022,HERE WOLFE,6.6
1876,Sandown,2,29-12-2022,DARKENED SPIRITS,4.1
1877,Sandown,2,29-12-2022,ARCHMAN,5.0
1878,Sandown,2,29-12-2022,TIGGER INTENTION,21.0
1879,Dapto,10,29-12-2022,JOYS JOY,8.661061642846324
1880,Shepparton,1,29-12-2022,HANG ON PEPPA,11.5
1881,Shepparton,1,29-12-2022,HELLO LYNDA,272.824254743138
1882,Shepparton,2,29-12-2022,KINTSUGI,1.339999990463257
1883,Shepparton,2,29-12-2022,RUN SISSY RUN,110.0
1884,Shepparton,2,29-12-2022,WILD STORMS,58.49146551487824
1885,Shepparton,3,29-12-2022,IMPASSIONED,5.500075921445733
1886,Shepparton,3,29-12-2022,FLYING JARRAD,26.045864085373537
1887,Shepparton,4,29-12-2022,VILLANOVA,159.2098430952197
1888,Shepparton,5,29-12-2022,JAYVILLE MAC,21.0
1889,Dapto,1,29-12-2022,THREES A CHARM,8.0
1890,Dapto,2,29-12-2022,OREO FLYER,10.5
1891,Dapto,3,29-12-2022,ZIPPING SWAZI,7.8391649484632975
1892,Dapto,3,29-12-2022,AUSSIE SUMMER,40.47644540216793
1893,Shepparton,6,29-12-2022,BUCK HUNTER,4.2
1894,Shepparton,6,29-12-2022,ARTS INFERNO,10.5
1895,Shepparton,7,29-12-2022,MANGO MAN,9.25691498
1896,Shepparton,8,29-12-2022,SHE HAS ZIP,9.4
1897,Shepparton,10,29-12-2022,ALINTAS GIFT,26.577344928
1898,Shepparton,11,29-12-2022,IM INDIGO,5.144001168267611
1903,Healesville,3,29-12-2022,KOBE MAGIC,21.295839651
1904,Healesville,5,29-12-2022,GOLD MATE,3.7
1905,Healesville,7,29-12-2022,BLAZING SAL,8.2
1906,Healesville,8,29-12-2022,LAQUITA STAR,19.612176147825664
1907,Healesville,10,29-12-2022,SHOGUN WARLORD,5.780897062518169
1908,Healesville,10,29-12-2022,RESERVIOR FRANK,192.18749669812823
1909,Healesville,11,29-12-2022,LEKTRA DISH,65.0
1910,Healesville,11,29-12-2022,SONIC SHOCKWAVE,22.048742503726388
1911,Healesville,12,29-12-2022,KATARI NIGHT,4.181013385
1912,Warragul,1,29-12-2022,WHIZBANG GORDON,14.882126516
1913,Warragul,3,29-12-2022,MALAIKA BALE,10.5
1914,Warragul,3,29-12-2022,WE ARE COUSINS,21.87146656238474
1915,Warragul,6,29-12-2022,MAYFAIR RONNIE,6.0
1916,Warragul,7,29-12-2022,MECHANICS KISMET,13.0
1917,Warragul,8,29-12-2022,KEIRA SPOLLY,7.156759400133597
1918,Warragul,8,29-12-2022,PANCHO TOMMY,5.947964943
1919,Warragul,10,29-12-2022,OCEAN GIRL,16.0
1920,Warragul,10,29-12-2022,BOLLARD BOBBY,9.8
1921,Warragul,11,29-12-2022,STARTERS KING,40.60618448358319
1922,Bendigo,1,29-12-2022,BANG ON BLUE,75.0
1930,Albion,2,29-12-2022,IVY PEARL,77.68282249515644
1931,Albion,3,29-12-2022,YAHIRO BALE,2.331606620337671
1936,Albion,11,29-12-2022,BOOK OF LOVE,37.577756943
1937,Gunnedah,6,29-12-2022,CRUZIN ACE,5.662050169419672
1956,Albion,7,29-12-2022,GOLD FILLINGS,16.235908811301925
1957,Angle,2,29-12-2022,ASTON ENCANTO,5.167234700271074
1958,Angle,3,29-12-2022,GONDOLA,1.6589514528642435
1959,Angle,5,29-12-2022,XAVI BALE,64.41361612425425
1960,Angle,6,29-12-2022,RAZZLE DARRYL,3.25
1961,Angle,7,29-12-2022,FIFTY EIGHT,15.611869520641626
1962,Angle,8,29-12-2022,BASSOS GIRL,120.0
1963,Angle,11,29-12-2022,ITS SMUDGY,2.4468880625012392
1964,Mount,11,29-12-2022,BOURNE ROSE,27.0
1965,Mount,11,29-12-2022,BLACKJACK TIGER,2.84
1966,Albion,8,29-12-2022,SIMPLY LIMELIGHT,2.263014718616833
1967,Albion,8,29-12-2022,SANDSTORM RICO,63.56842432279838
1972,Hobart,5,29-12-2022,TAH TRACEY,5.4
1973,Hobart,5,29-12-2022,JACKPOT JENNA,9.6
1974,Hobart,10,29-12-2022,CIRCLES,15.0
1975,Hobart,10,29-12-2022,HARDAWAY NALA,8.6
1976,Hobart,10,29-12-2022,DIXIE DINER,27.0
1982,Mandurah,9,29-12-2022,CHEVY NOVA,17.5
1983,Albion,10,29-12-2022,LITTLE ZEPHYR,3.651182758557116
1984,Gunnedah,8,29-12-2022,TRALEE JACK,3.65
1985,Gunnedah,8,29-12-2022,DEMONICAS BEACH,24.93748551216413
1986,Hobart,2,29-12-2022,MISS WILDER,5.3313455207001255
1987,Hobart,2,29-12-2022,SURE DANGER,68.82331633540853
1989,Mandurah,3,29-12-2022,ALDERSYDE,9.332606174138782
1990,Mandurah,4,29-12-2022,DEUCES ARE WILD,55.0
1991,Mandurah,6,29-12-2022,MEGACHIP,18.938868554709483
1992,Mandurah,8,29-12-2022,ANDYS HANDY,265.9450808734943
1993,Mandurah,8,29-12-2022,PAULINE KEEPING,1.7921258267833031
1994,Mount,2,29-12-2022,CAWBOURNE GIA,10.0
1995,Mount,2,29-12-2022,THATLL WORK,2.0883259774589167
1996,Mount,2,29-12-2022,CAWBOURNE SUEDE,18.18206790252472
1997,Mount,3,29-12-2022,WHATS UP HONOR,34.731059845
1998,Mount,4,29-12-2022,CHASING THUNDER,9.954732231455854
1999,Mount,4,29-12-2022,RASPBERRY KISS,65.0
2000,Mount,5,29-12-2022,CADILLAC STAR,2.8149276967358854
2001,Mount,5,29-12-2022,KATONI,9.558051686189138
2002,Mount,6,29-12-2022,STORMIN FRANK,5.069577482829336
2003,Mount,6,29-12-2022,CADILLAC LLOYD,8.0
2004,Mount,7,29-12-2022,RUSTY ZAN,7.6
2005,Mount,8,29-12-2022,KINLOCK BLAZER,3.452306998647546
2006,Mount,8,29-12-2022,SAINT PRUE,44.0
2007,Mount,9,29-12-2022,WHATS UP LYRIC,6.476178814184516
2008,Mount,9,29-12-2022,ROCKY CADILLAC,3.451313837
2009,Mount,9,29-12-2022,BOBBY MCGEE,14.268270415471637
2010,Mount,12,29-12-2022,BUNGALOO DANNI,10.5
2011,Gunnedah,2,29-12-2022,RIPPER SNIPPER,10.5
2012,Gunnedah,2,29-12-2022,JACOBITE DREAM,52.000374667699205
2013,Gunnedah,3,29-12-2022,SCOOBY SIREN,62.70340712077916
2014,Gunnedah,4,29-12-2022,MONKEY PAW,4.3
2015,Gunnedah,7,29-12-2022,RIVERINA KNIGHT,4.544499831122228
2016,Gunnedah,10,29-12-2022,FAT BOY MANTRA,22.0
2017,Gunnedah,10,29-12-2022,MISS INSPIRATION,2.909440219
2018,Gunnedah,12,29-12-2022,LITTLE BUGSY,22.0
2022,Hobart,4,29-12-2022,ROJO DIAMOND,1.962033060141057
2023,Hobart,7,29-12-2022,FLEETING ONE,6.872524517174182
2024,Manukau,4,29-12-2022,GOLDEN FERN,9.0
2025,Addington,6,29-12-2022,SOZINS QUEEN,34.0
2026,Addington,6,29-12-2022,GOLDSTAR CLOVER,6.0
2027,Addington,6,29-12-2022,URI BALE,7.133840483
2028,Sandown,1,29-12-2022,HARAS SKIPPER,4.64912698332555
2029,Sandown,1,29-12-2022,JESSIE INTENTION,42.14999508714769
2030,Sandown,3,29-12-2022,LADY DIOR,12.922964535425416
2031,Sandown,3,29-12-2022,LOXTON BALE,8.689022729
2032,Sandown,3,29-12-2022,MOTH ROCKS,40.0
2033,Sandown,3,29-12-2022,TIGGERLONG FLYER,18.77886104562321
2034,Sandown,7,29-12-2022,COLLINDA CHIPS,2.069675476
2035,Sandown,9,29-12-2022,LUNAR STAR,40.0
2036,Sandown,9,29-12-2022,DIRT FARMER,3.506333836
2037,Casino,2,29-12-2022,ROXYS SECRET,6.605725864649284
2038,Casino,2,29-12-2022,BLUEBERRY DANISH,5.450257174292055
2039,Casino,6,29-12-2022,LEON KINGSBRAE,21.523878261
2040,Sandown,11,29-12-2022,ELEANOR RIGBY,34.0
2041,Sandown,11,29-12-2022,CHAPEL ROAD,7.8
2042,Sandown,12,29-12-2022,POPPYS PRIDE,12.5
2043,Sandown,12,29-12-2022,TINKER FRAN,11.5
2044,Casino,8,29-12-2022,ISNT SIMPLE,32.0
2045,Casino,10,29-12-2022,KINGSBRAE ARCHIE,11.0
2046,Dapto,9,29-12-2022,NINJA MAC,3.626677020332063
2047,Dapto,12,29-12-2022,SURE SHE IS,2.363220814467131
2057,Addington,9,29-12-2022,OBERON BALE,19.5
2058,Addington,9,29-12-2022,GITAN,3.905376287117251
2059,Addington,12,29-12-2022,ROSEHIP,6.020144081
2062,Sandown,8,29-12-2022,MONEY OWES,2.050266153750325
2063,Sandown,8,29-12-2022,XENIUM BALE,55.0
2105,Manukau,6,29-12-2022,LACHLANS GIRL,5.0
2106,Manukau,12,29-12-2022,JAM PACKED,9.96856521262787
2107,Manukau,12,29-12-2022,BIG TIME CHERRY,18.0
2108,Addington,1,29-12-2022,SIR CLIVE,26.205292482
2109,Addington,1,29-12-2022,SOZINS ROYAL,48.0
2110,Albion,1,29-12-2022,VAN HELSING,18.47163725071954
